Day,NumCases
1/22/20,1
1/23/20,1
1/24/20,2
1/25/20,2
1/26/20,5
1/27/20,5
1/28/20,5
1/29/20,5
1/30/20,5
1/31/20,7
2/1/20,8
2/2/20,8
2/3/20,11
2/4/20,11
2/5/20,11
2/6/20,11
2/7/20,11
2/8/20,11
2/9/20,11
2/10/20,11
2/11/20,12
2/12/20,12
2/13/20,13
2/14/20,13
2/15/20,13
2/16/20,13
2/17/20,13
2/18/20,13
2/19/20,13
2/20/20,13
2/21/20,15
2/22/20,15
2/23/20,15
2/24/20,15
2/25/20,15
2/26/20,15
2/27/20,16
2/28/20,16
2/29/20,24
3/1/20,30
3/2/20,53
3/3/20,73
3/4/20,104
3/5/20,174
3/6/20,222
3/7/20,337
3/8/20,451
3/9/20,519
3/10/20,711
3/11/20,1109
3/12/20,1561
3/13/20,2157
3/14/20,2870
3/15/20,2968
3/16/20,4360
3/17/20,6141
3/18/20,8917
3/19/20,14157
3/20/20,19479
3/21/20,25825
3/22/20,33761
3/23/20,43850
3/24/20,54112
3/25/20,66055
3/26/20,84091
3/27/20,102276
3/28/20,122069
3/29/20,141205
3/30/20,162707
3/31/20,188724
4/1/20,214205
4/2/20,244610
4/3/20,276547
4/4/20,309699
4/5/20,337573
4/6/20,367215
4/7/20,397992
4/8/20,429686
4/9/20,464442
4/10/20,497943
4/11/20,527969
4/12/20,556522
4/13/20,581813
4/14/20,608878
4/15/20,637974
4/16/20,669272
4/17/20,701996
4/18/20,730337
4/19/20,756375
4/20/20,783716
4/21/20,809318
4/22/20,837422
4/23/20,871617
4/24/20,907908
4/25/20,940829
4/26/20,968518
4/27/20,990983
4/28/20,1015518
4/29/20,1043038
4/30/20,1072667
5/1/20,1106829
5/2/20,1136024
5/3/20,1161611
5/4/20,1184086
5/5/20,1208271
5/6/20,1233527
5/7/20,1261409
5/8/20,1288587
5/9/20,1314320
5/10/20,1334084
5/11/20,1352962
5/12/20,1375152
5/13/20,1396110
5/14/20,1423727
5/15/20,1449027
5/16/20,1474128
5/17/20,1493132
5/18/20,1514901
5/19/20,1535350
5/20/20,1559157
5/21/20,1584512
5/22/20,1608653
5/23/20,1630476
5/24/20,1651289
5/25/20,1670280
5/26/20,1689163
5/27/20,1707445
5/28/20,1730260
5/29/20,1754764
5/30/20,1779214
5/31/20,1799124
6/1/20,1816479
6/2/20,1837374
6/3/20,1857332
6/4/20,1878683
6/5/20,1903907
6/6/20,1926639
6/7/20,1944370
6/8/20,1961785
6/9/20,1979912
6/10/20,2000706
6/11/20,2023656
6/12/20,2048986
6/13/20,2074542
6/14/20,2094366
6/15/20,2114026
6/16/20,2137731
6/17/20,2163290
6/18/20,2191099
6/19/20,2222579
6/20/20,2255328
6/21/20,2281767
6/22/20,2312303
6/23/20,2347491
6/24/20,2382426
6/25/20,2422299
6/26/20,2467554
6/27/20,2510259
6/28/20,2549864
6/29/20,2590668
6/30/20,2636414
7/1/20,2687588
7/2/20,2742049
7/3/20,2795361
7/4/20,2841241
7/5/20,2891124
7/6/20,2936077
7/7/20,2996098
7/8/20,3054699
7/9/20,3117946
7/10/20,3185737
7/11/20,3245925
7/12/20,3304942
7/13/20,3364157
7/14/20,3431574
7/15/20,3498902
7/16/20,3576157
7/17/20,3647715
7/18/20,3711413
7/19/20,3773260
7/20/20,3834677